CREATE USER ITAG_USER password 'password';
CREATE USER OLD_NOMIS_USER password 'password';

INSERT INTO  STAFF_MEMBERS (STAFF_ID, FIRST_NAME, LAST_NAME) VALUES (1, 'ITAG', 'USER');
INSERT INTO STAFF_USER_ACCOUNTS (username, staff_user_type, staff_id) VALUES ('ITAG_USER', 'GENERAL', 1);
INSERT INTO V_TAG_DBA_USERS (username, account_status, lock_Date, expiry_date, created, profile, logged_in, locked_flag, expired_flag, user_type_description)
VALUES ('ITAG_USER', 'OPEN', null, now()+10000, now(), 'TAG_GENERAL', 'N', 'N', 'N', 'General');

INSERT INTO  STAFF_MEMBERS (STAFF_ID, FIRST_NAME, LAST_NAME) VALUES (2, 'OLD', 'NOMIS USER');
INSERT INTO STAFF_USER_ACCOUNTS (username, staff_user_type, staff_id) VALUES ('OLD_NOMIS_USER', 'GENERAL', 2);

INSERT INTO CASELOADS (CASELOAD_ID, DESCRIPTION, CASELOAD_TYPE) VALUES ('NWEB', 'Magic API Caseload', 'APP');
INSERT INTO CASELOADS (CASELOAD_ID, DESCRIPTION, CASELOAD_TYPE) VALUES ('MDI', 'Moorlands', 'INST');

INSERT INTO USER_ACCESSIBLE_CASELOADS (CASELOAD_ID, USERNAME, START_DATE) VALUES ('NWEB', 'ITAG_USER', now());
INSERT INTO USER_ACCESSIBLE_CASELOADS (CASELOAD_ID, USERNAME, START_DATE) VALUES ('MDI', 'ITAG_USER', now());
INSERT INTO USER_ACCESSIBLE_CASELOADS (CASELOAD_ID, USERNAME, START_DATE) VALUES ('MDI', 'OLD_NOMIS_USER', now());

INSERT INTO OMS_ROLES (ROLE_ID, ROLE_CODE, ROLE_NAME, ROLE_SEQ, ROLE_TYPE, ROLE_FUNCTION) VALUES (1, 'OMIC_ADMIN', 'Omic Administrator', 1, 'APP', 'GENERAL');
INSERT INTO OMS_ROLES (ROLE_ID, ROLE_CODE, ROLE_NAME, ROLE_SEQ, ROLE_TYPE, ROLE_FUNCTION) VALUES (2, 'LICENCE_CA', 'Licence Case Admin', 2, 'APP', 'GENERAL');
INSERT INTO OMS_ROLES (ROLE_ID, ROLE_CODE, ROLE_NAME, ROLE_SEQ, ROLE_TYPE, ROLE_FUNCTION) VALUES (-1, '900', 'Some Old Role', 99, 'INST', 'GENERAL');

INSERT INTO USER_CASELOAD_ROLES (ROLE_ID, CASELOAD_ID, USERNAME) VALUES (1, 'NWEB', 'ITAG_USER');
INSERT INTO USER_CASELOAD_ROLES (ROLE_ID, CASELOAD_ID, USERNAME) VALUES (2, 'NWEB', 'ITAG_USER');
INSERT INTO USER_CASELOAD_ROLES (ROLE_ID, CASELOAD_ID, USERNAME) VALUES (-1, 'MDI', 'ITAG_USER');
INSERT INTO USER_CASELOAD_ROLES (ROLE_ID, CASELOAD_ID, USERNAME) VALUES (-1, 'MDI', 'OLD_NOMIS_USER');





