CREATE USER IF NOT EXISTS ITAG_USER password 'password';
CREATE USER IF NOT EXISTS OLD_NOMIS_USER password 'password';
CREATE USER IF NOT EXISTS ITAG_USER_ADM password 'password123456';
CREATE USER IF NOT EXISTS CA_USER password 'password123456';
CREATE USER IF NOT EXISTS CA_USER_TEST password 'licences123456';
CREATE USER IF NOT EXISTS CA_USER_MULTI password 'password123456';
CREATE USER IF NOT EXISTS RO_USER password 'password123456';
CREATE USER IF NOT EXISTS RO_DEMO password 'password123456';
CREATE USER IF NOT EXISTS RO_USER_TEST password 'licences123456';
CREATE USER IF NOT EXISTS RO_USER_MULTI password 'password123456';
CREATE USER IF NOT EXISTS DM_USER password 'password123456';
CREATE USER IF NOT EXISTS DM_USER_TEST password 'licences123456';
CREATE USER IF NOT EXISTS DM_USER_MULTI password 'password123456';
CREATE USER IF NOT EXISTS NOMIS_BATCHLOAD password 'password123456';
CREATE USER IF NOT EXISTS LOCKED_USER password 'password123456';
CREATE USER IF NOT EXISTS EXPIRED_USER password 'password123456';
CREATE USER IF NOT EXISTS OMIC_USER password 'password';

INSERT INTO  STAFF_MEMBERS (STAFF_ID, FIRST_NAME, LAST_NAME, STATUS) VALUES (1, 'ITAG', 'USER', 'ACTIVE');
INSERT INTO  STAFF_MEMBERS (STAFF_ID, FIRST_NAME, LAST_NAME) VALUES (2, 'OLD', 'NOMIS USER');
INSERT INTO  STAFF_MEMBERS (STAFF_ID, FIRST_NAME, LAST_NAME) VALUES (3, 'Licence', 'Case Admin');
INSERT INTO  STAFF_MEMBERS (STAFF_ID, FIRST_NAME, LAST_NAME) VALUES (4, 'Licence', 'Responsible Officer');
INSERT INTO  STAFF_MEMBERS (STAFF_ID, FIRST_NAME, LAST_NAME) VALUES (5, 'Licence', 'Decision Maker');
INSERT INTO  STAFF_MEMBERS (STAFF_ID, FIRST_NAME, LAST_NAME) VALUES (6, 'Licence', 'Batchloader');
INSERT INTO  STAFF_MEMBERS (STAFF_ID, FIRST_NAME, LAST_NAME) VALUES (7, 'User', 'Locked');
INSERT INTO  STAFF_MEMBERS (STAFF_ID, FIRST_NAME, LAST_NAME) VALUES (8, 'Licence', 'Case Admin Test');
INSERT INTO  STAFF_MEMBERS (STAFF_ID, FIRST_NAME, LAST_NAME) VALUES (9, 'Licence', 'Case Admin Multi');
INSERT INTO  STAFF_MEMBERS (STAFF_ID, FIRST_NAME, LAST_NAME) VALUES (10, 'Licence', 'Responsible Officer Demo');
INSERT INTO  STAFF_MEMBERS (STAFF_ID, FIRST_NAME, LAST_NAME) VALUES (11, 'Licence', 'Responsible Officer Test');
INSERT INTO  STAFF_MEMBERS (STAFF_ID, FIRST_NAME, LAST_NAME) VALUES (12, 'Licence', 'Responsible Officer Multi');
INSERT INTO  STAFF_MEMBERS (STAFF_ID, FIRST_NAME, LAST_NAME) VALUES (13, 'Licence', 'Decision Maker Test');
INSERT INTO  STAFF_MEMBERS (STAFF_ID, FIRST_NAME, LAST_NAME) VALUES (14, 'Licence', 'Decision Maker Multi');
INSERT INTO  STAFF_MEMBERS (STAFF_ID, FIRST_NAME, LAST_NAME) VALUES (15, 'Omic', 'User');
INSERT INTO  STAFF_MEMBERS (STAFF_ID, FIRST_NAME, LAST_NAME) VALUES (16, 'User', 'Expired');

INSERT INTO STAFF_USER_ACCOUNTS (username, staff_user_type, staff_id) VALUES ('ITAG_USER', 'GENERAL', 1);
INSERT INTO STAFF_USER_ACCOUNTS (username, staff_user_type, staff_id) VALUES ('ITAG_USER_ADM', 'ADMIN', 1);
INSERT INTO STAFF_USER_ACCOUNTS (username, staff_user_type, staff_id) VALUES ('OLD_NOMIS_USER', 'GENERAL', 2);
INSERT INTO STAFF_USER_ACCOUNTS (username, staff_user_type, staff_id) VALUES ('CA_USER', 'GENERAL', 3);
INSERT INTO STAFF_USER_ACCOUNTS (username, staff_user_type, staff_id) VALUES ('RO_USER', 'GENERAL', 4);
INSERT INTO STAFF_USER_ACCOUNTS (username, staff_user_type, staff_id) VALUES ('DM_USER', 'GENERAL', 5);
INSERT INTO STAFF_USER_ACCOUNTS (username, staff_user_type, staff_id) VALUES ('NOMIS_BATCHLOAD', 'GENERAL', 6);
INSERT INTO STAFF_USER_ACCOUNTS (username, staff_user_type, staff_id) VALUES ('LOCKED_USER', 'GENERAL', 7);
INSERT INTO STAFF_USER_ACCOUNTS (username, staff_user_type, staff_id) VALUES ('EXPIRED_USER', 'GENERAL', 16);
INSERT INTO STAFF_USER_ACCOUNTS (username, staff_user_type, staff_id) VALUES ('CA_USER_TEST', 'GENERAL', 8);
INSERT INTO STAFF_USER_ACCOUNTS (username, staff_user_type, staff_id) VALUES ('CA_USER_MULTI', 'GENERAL', 9);
INSERT INTO STAFF_USER_ACCOUNTS (username, staff_user_type, staff_id) VALUES ('RO_DEMO', 'GENERAL', 10);
INSERT INTO STAFF_USER_ACCOUNTS (username, staff_user_type, staff_id) VALUES ('RO_USER_TEST', 'GENERAL', 11);
INSERT INTO STAFF_USER_ACCOUNTS (username, staff_user_type, staff_id) VALUES ('RO_USER_MULTI', 'GENERAL', 12);
INSERT INTO STAFF_USER_ACCOUNTS (username, staff_user_type, staff_id) VALUES ('DM_USER_TEST', 'GENERAL', 13);
INSERT INTO STAFF_USER_ACCOUNTS (username, staff_user_type, staff_id) VALUES ('DM_USER_MULTI', 'GENERAL', 14);
INSERT INTO STAFF_USER_ACCOUNTS (username, staff_user_type, staff_id) VALUES ('OMIC_USER', 'GENERAL', 15);

INSERT INTO DBA_USERS (username, password, account_status, profile)
VALUES ('ITAG_USER', '$2a$10$9rVgms..dZ3gnPSt4JWPA.Oan4MrDHvcx1c.HuYqeMD5rVFmf0C3G', 'OPEN', 'TAG_GENERAL');
INSERT INTO DBA_USERS (username, password, account_status, profile)
VALUES ('ITAG_USER_ADM', '$2a$10$0zomTd5coSOKnSBMkCyEiei72HwBLJZrSpoqL1GVwr4LNp.KAq.FK', 'OPEN', 'TAG_ADMIN');
INSERT INTO DBA_USERS (username, password, account_status, profile)
VALUES ('OLD_NOMIS_USER', '$2a$10$EaaM7jp4e/Y1q8zR..eEYOwJOnGJmHIItZfIxR6gVgUP4xT8qXVEm', 'OPEN', 'TAG_GENERAL');
INSERT INTO DBA_USERS (username, password, account_status, profile)
VALUES ('CA_USER', '$2a$10$Fmcp2KUKRW53US3EJfsxkOh.ekZhqz5.Baheb9E98QLwEFLb9csxy', 'OPEN', 'TAG_GENERAL');
INSERT INTO DBA_USERS (username, password, account_status, profile)
VALUES ('RO_USER', '$2a$10$ordeqG5gMJHWXm9SDsN0q.PgYbwRmC5idWoFTEWIe2hoIS8IKh3dK', 'OPEN', 'TAG_GENERAL');
INSERT INTO DBA_USERS (username, password, account_status, profile)
VALUES ('DM_USER', '$2a$10$S0K9erqzMttMHhs5hdi8DuE8lk7F1ajsAD5pAMmgmJBc/8QsjzHzy', 'OPEN', 'TAG_GENERAL');
INSERT INTO DBA_USERS (username, password, account_status, profile)
VALUES ('NOMIS_BATCHLOAD', '$2a$10$bAzE0xo8XsKMBchiKmnpEuPZqXV.0/RVVhya7v7kkGoRLTpt2Iwxa', 'OPEN', 'TAG_GENERAL');
INSERT INTO DBA_USERS (username, password, account_status, profile)
VALUES ('LOCKED_USER', '$2a$10$BPCJlKWhaICns8ax5JHd8er8Ti6zy8VH3LiFKtt1M2A4iVyJv1NyW', 'LOCKED', 'TAG_GENERAL');
INSERT INTO DBA_USERS (username, password, account_status, profile)
VALUES ('EXPIRED_USER', '$2a$10$kJf5g6MQuORDouOnrlpoQOupk5ieUsgcp5v0TtHVzR3mn53b37vby', 'EXPIRED', 'TAG_GENERAL');
INSERT INTO DBA_USERS (username, password, account_status, profile)
VALUES ('CA_USER_TEST', '$2a$10$vgyF/EFvlol3pwwi0n6ZgeI6C90xY5exW6tETbdDBHB4xpDYzuV9q', 'OPEN', 'TAG_GENERAL');
INSERT INTO DBA_USERS (username, password, account_status, profile)
VALUES ('CA_USER_MULTI', '$2a$10$.uXmUgIPCFv1c93IFzZ48.N3fUlY25YJcq74SPwvPzp93iwId4SzW', 'OPEN', 'TAG_GENERAL');
INSERT INTO DBA_USERS (username, password, account_status, profile)
VALUES ('RO_DEMO', '$2a$10$Xtg49KDA5dBQ2kk3MqsG7erUsUV.vid.s9m2ikLMBWTGTynBG9v4K', 'OPEN', 'TAG_GENERAL');
INSERT INTO DBA_USERS (username, password, account_status, profile)
VALUES ('RO_USER_TEST', '$2a$10$WIthoS9sIXg2mm3tXW6kd./w.xkmfwrSOIUDu.3KNLypCmIpltuvS', 'OPEN', 'TAG_GENERAL');
INSERT INTO DBA_USERS (username, password, account_status, profile)
VALUES ('RO_USER_MULTI', '$2a$10$MGhfSUGrb9DbfMQ/RgxIpOepxw/.R53bZ.tgcTKrEgEHyOsL.VBj6', 'OPEN', 'TAG_GENERAL');
INSERT INTO DBA_USERS (username, password, account_status, profile)
VALUES ('DM_USER_TEST', '$2a$10$3uLXHUVAN3TPp0l4FAlDXe/DTjxp9BsjkJ9WXnRAp2zQkbEVYmGuC', 'OPEN', 'TAG_GENERAL');
INSERT INTO DBA_USERS (username, password, account_status, profile)
VALUES ('DM_USER_MULTI', '$2a$10$JPsL6m0wCXIq5Zdjo8yCx.kYUJBxkPb1gdsAsCqsqgMaJmqJpLiyS', 'OPEN', 'TAG_GENERAL');
INSERT INTO DBA_USERS (username, password, account_status, profile)
VALUES ('OMIC_USER', '$2a$10$8lRtC2ndt.nb004kZTNm6O2DqJmakSwKfcmWXB5adKMb9NUWkA1Tm', 'OPEN', 'TAG_GENERAL');


INSERT INTO PERSONNEL_IDENTIFICATIONS (STAFF_ID, IDENTIFICATION_TYPE, IDENTIFICATION_NUMBER) VALUES (1, 'YJAF', 'test@yjaf.gov.uk');
INSERT INTO PERSONNEL_IDENTIFICATIONS (STAFF_ID, IDENTIFICATION_TYPE, IDENTIFICATION_NUMBER) VALUES (2, 'YJAF', 'olduser@yjaf.gov.uk');

INSERT INTO CASELOADS (CASELOAD_ID, DESCRIPTION, CASELOAD_TYPE) VALUES ('NWEB', 'Magic API Caseload', 'APP');
INSERT INTO CASELOADS (CASELOAD_ID, DESCRIPTION, CASELOAD_TYPE) VALUES ('MDI', 'Moorlands', 'INST');
INSERT INTO CASELOADS (CASELOAD_ID, DESCRIPTION, CASELOAD_TYPE) VALUES ('CADM', 'Central Admin', 'ADMIN');

INSERT INTO USER_ACCESSIBLE_CASELOADS (CASELOAD_ID, USERNAME, START_DATE) VALUES ('NWEB', 'ITAG_USER', now());
INSERT INTO USER_ACCESSIBLE_CASELOADS (CASELOAD_ID, USERNAME, START_DATE) VALUES ('MDI', 'ITAG_USER', now());
INSERT INTO USER_ACCESSIBLE_CASELOADS (CASELOAD_ID, USERNAME, START_DATE) VALUES ('MDI', 'OLD_NOMIS_USER', now());
INSERT INTO USER_ACCESSIBLE_CASELOADS (CASELOAD_ID, USERNAME, START_DATE) VALUES ('CADM', 'ITAG_USER_ADM', now());
INSERT INTO USER_ACCESSIBLE_CASELOADS (CASELOAD_ID, USERNAME, START_DATE) VALUES ('NWEB', 'CA_USER', now());
INSERT INTO USER_ACCESSIBLE_CASELOADS (CASELOAD_ID, USERNAME, START_DATE) VALUES ('NWEB', 'RO_USER', now());
INSERT INTO USER_ACCESSIBLE_CASELOADS (CASELOAD_ID, USERNAME, START_DATE) VALUES ('NWEB', 'DM_USER', now());
INSERT INTO USER_ACCESSIBLE_CASELOADS (CASELOAD_ID, USERNAME, START_DATE) VALUES ('NWEB', 'NOMIS_BATCHLOAD', now());
INSERT INTO USER_ACCESSIBLE_CASELOADS (CASELOAD_ID, USERNAME, START_DATE) VALUES ('NWEB', 'LOCKED_USER', now());
INSERT INTO USER_ACCESSIBLE_CASELOADS (CASELOAD_ID, USERNAME, START_DATE) VALUES ('NWEB', 'EXPIRED_USER', now());
INSERT INTO USER_ACCESSIBLE_CASELOADS (CASELOAD_ID, USERNAME, START_DATE) VALUES ('NWEB', 'ITAG_USER_ADM', now());
INSERT INTO USER_ACCESSIBLE_CASELOADS (CASELOAD_ID, USERNAME, START_DATE) VALUES ('NWEB', 'CA_USER_TEST', now());
INSERT INTO USER_ACCESSIBLE_CASELOADS (CASELOAD_ID, USERNAME, START_DATE) VALUES ('NWEB', 'CA_USER_MULTI', now());
INSERT INTO USER_ACCESSIBLE_CASELOADS (CASELOAD_ID, USERNAME, START_DATE) VALUES ('NWEB', 'RO_DEMO', now());
INSERT INTO USER_ACCESSIBLE_CASELOADS (CASELOAD_ID, USERNAME, START_DATE) VALUES ('NWEB', 'RO_USER_TEST', now());
INSERT INTO USER_ACCESSIBLE_CASELOADS (CASELOAD_ID, USERNAME, START_DATE) VALUES ('NWEB', 'RO_USER_MULTI', now());
INSERT INTO USER_ACCESSIBLE_CASELOADS (CASELOAD_ID, USERNAME, START_DATE) VALUES ('NWEB', 'DM_USER_TEST', now());
INSERT INTO USER_ACCESSIBLE_CASELOADS (CASELOAD_ID, USERNAME, START_DATE) VALUES ('NWEB', 'DM_USER_MULTI', now());
INSERT INTO USER_ACCESSIBLE_CASELOADS (CASELOAD_ID, USERNAME, START_DATE) VALUES ('NWEB', 'OMIC_USER', now());


INSERT INTO OMS_ROLES (ROLE_ID, ROLE_CODE, ROLE_NAME, ROLE_SEQ, ROLE_TYPE, ROLE_FUNCTION) VALUES (1, 'OMIC_ADMIN', 'Omic Administrator', 1, 'APP', 'GENERAL');
INSERT INTO OMS_ROLES (ROLE_ID, ROLE_CODE, ROLE_NAME, ROLE_SEQ, ROLE_TYPE, ROLE_FUNCTION) VALUES (-1, '900', 'Some Old Role', 99, 'INST', 'GENERAL');
INSERT INTO OMS_ROLES (ROLE_ID, ROLE_CODE, ROLE_NAME, ROLE_SEQ, ROLE_TYPE, ROLE_FUNCTION) VALUES (3, 'CENTRAL_ADMIN', 'All Powerful Admin', 1, 'INST', 'ADMIN');
INSERT INTO OMS_ROLES (ROLE_ID, ROLE_CODE, ROLE_NAME, ROLE_SEQ, ROLE_TYPE, ROLE_FUNCTION) VALUES (4, 'KW_MIGRATION', 'KW Migration', 1, 'APP', 'ADMIN');
INSERT INTO OMS_ROLES (ROLE_ID, ROLE_CODE, ROLE_NAME, ROLE_SEQ, ROLE_TYPE, ROLE_FUNCTION) VALUES (5, 'NOMIS_BATCHLOAD', 'Nomis BatchLoad', 1, 'APP', 'ADMIN');
INSERT INTO OMS_ROLES (ROLE_ID, ROLE_CODE, ROLE_NAME, ROLE_SEQ, ROLE_TYPE, ROLE_FUNCTION) VALUES (6, 'MAINTAIN_ACCESS_ROLES', 'Maintain Access Roles', 1, 'APP', 'ADMIN');
INSERT INTO OMS_ROLES (ROLE_ID, ROLE_CODE, ROLE_NAME, ROLE_SEQ, ROLE_TYPE, ROLE_FUNCTION) VALUES (7, 'MAINTAIN_ACCESS_ROLES_ADMIN', 'Maintain Access Roles Admin', 1, 'APP', 'ADMIN');
INSERT INTO OMS_ROLES (ROLE_ID, ROLE_CODE, ROLE_NAME, ROLE_SEQ, ROLE_TYPE, ROLE_FUNCTION) VALUES (8, 'GLOBAL_SEARCH', 'Global Search', 1, 'APP', 'ADMIN');
INSERT INTO OMS_ROLES (ROLE_ID, ROLE_CODE, ROLE_NAME, ROLE_SEQ, ROLE_TYPE, ROLE_FUNCTION) VALUES (11, 'LICENCE_CA', 'Licence Case Admin', 1, 'APP', 'GENERAL');
INSERT INTO OMS_ROLES (ROLE_ID, ROLE_CODE, ROLE_NAME, ROLE_SEQ, ROLE_TYPE, ROLE_FUNCTION) VALUES (12, 'LICENCE_RO', 'Licence Responsible Officer', 2, 'APP', 'GENERAL');
INSERT INTO OMS_ROLES (ROLE_ID, ROLE_CODE, ROLE_NAME, ROLE_SEQ, ROLE_TYPE, ROLE_FUNCTION) VALUES (13, 'LICENCE_DM', 'Licence Decision Maker', 3, 'APP', 'GENERAL');
INSERT INTO OMS_ROLES (ROLE_ID, ROLE_CODE, ROLE_NAME, ROLE_SEQ, ROLE_TYPE, ROLE_FUNCTION) VALUES (14, 'OAUTH_ADMIN', 'Oauth Admin', 99, 'APP', 'ADMIN');
INSERT INTO OMS_ROLES (ROLE_ID, ROLE_CODE, ROLE_NAME, ROLE_SEQ, ROLE_TYPE, ROLE_FUNCTION) VALUES (15, 'SYSTEM_READ_ONLY', 'System Read Only', 99, 'APP', 'ADMIN');

INSERT INTO USER_CASELOAD_ROLES (ROLE_ID, CASELOAD_ID, USERNAME) VALUES (-1, 'MDI', 'ITAG_USER');
INSERT INTO USER_CASELOAD_ROLES (ROLE_ID, CASELOAD_ID, USERNAME) VALUES (-1, 'MDI', 'OLD_NOMIS_USER');
INSERT INTO USER_CASELOAD_ROLES (ROLE_ID, CASELOAD_ID, USERNAME) VALUES (1, 'NWEB', 'ITAG_USER');
INSERT INTO USER_CASELOAD_ROLES (ROLE_ID, CASELOAD_ID, USERNAME) VALUES (4, 'NWEB', 'ITAG_USER_ADM');
INSERT INTO USER_CASELOAD_ROLES (ROLE_ID, CASELOAD_ID, USERNAME) VALUES (5, 'NWEB', 'NOMIS_BATCHLOAD');
INSERT INTO USER_CASELOAD_ROLES (ROLE_ID, CASELOAD_ID, USERNAME) VALUES (6, 'NWEB', 'ITAG_USER_ADM');
INSERT INTO USER_CASELOAD_ROLES (ROLE_ID, CASELOAD_ID, USERNAME) VALUES (7, 'NWEB', 'ITAG_USER');
INSERT INTO USER_CASELOAD_ROLES (ROLE_ID, CASELOAD_ID, USERNAME) VALUES (8, 'NWEB', 'ITAG_USER');
INSERT INTO USER_CASELOAD_ROLES (ROLE_ID, CASELOAD_ID, USERNAME) VALUES (3, 'CADM', 'ITAG_USER_ADM');
INSERT INTO USER_CASELOAD_ROLES (ROLE_ID, CASELOAD_ID, USERNAME) VALUES (11, 'NWEB', 'CA_USER');
INSERT INTO USER_CASELOAD_ROLES (ROLE_ID, CASELOAD_ID, USERNAME) VALUES (12, 'NWEB', 'RO_USER');
INSERT INTO USER_CASELOAD_ROLES (ROLE_ID, CASELOAD_ID, USERNAME) VALUES (13, 'NWEB', 'DM_USER');
INSERT INTO USER_CASELOAD_ROLES (ROLE_ID, CASELOAD_ID, USERNAME) VALUES (14, 'NWEB', 'ITAG_USER_ADM');
INSERT INTO USER_CASELOAD_ROLES (ROLE_ID, CASELOAD_ID, USERNAME) VALUES (11, 'NWEB', 'CA_USER_TEST');
INSERT INTO USER_CASELOAD_ROLES (ROLE_ID, CASELOAD_ID, USERNAME) VALUES (11, 'NWEB', 'CA_USER_MULTI');
INSERT INTO USER_CASELOAD_ROLES (ROLE_ID, CASELOAD_ID, USERNAME) VALUES (12, 'NWEB', 'RO_DEMO');
INSERT INTO USER_CASELOAD_ROLES (ROLE_ID, CASELOAD_ID, USERNAME) VALUES (12, 'NWEB', 'RO_USER_TEST');
INSERT INTO USER_CASELOAD_ROLES (ROLE_ID, CASELOAD_ID, USERNAME) VALUES (12, 'NWEB', 'RO_USER_MULTI');
INSERT INTO USER_CASELOAD_ROLES (ROLE_ID, CASELOAD_ID, USERNAME) VALUES (13, 'NWEB', 'DM_USER_TEST');
INSERT INTO USER_CASELOAD_ROLES (ROLE_ID, CASELOAD_ID, USERNAME) VALUES (13, 'NWEB', 'DM_USER_MULTI');
INSERT INTO USER_CASELOAD_ROLES (ROLE_ID, CASELOAD_ID, USERNAME) VALUES (15, 'NWEB', 'OMIC_USER');

Insert into internet_addresses (INTERNET_ADDRESS_ID, OWNER_CLASS, OWNER_ID, OWNER_SEQ, OWNER_CODE,
                                INTERNET_ADDRESS_CLASS, INTERNET_ADDRESS, CREATE_DATETIME, CREATE_USER_ID,
                                MODIFY_DATETIME, MODIFY_USER_ID, AUDIT_TIMESTAMP, AUDIT_USER_ID, AUDIT_MODULE_NAME,
                                AUDIT_CLIENT_USER_ID, AUDIT_CLIENT_IP_ADDRESS, AUDIT_CLIENT_WORKSTATION_NAME,
                                AUDIT_ADDITIONAL_INFO)
  values (138250, 'STF', 1, null, null, 'EMAIL', 'phillips@bobjustice.gov.uk',
          to_timestamp('06-DEC-18 16.08.27.910960000', 'DD-MON-RR HH24.MI.SSXFF'), 'PPHILLIPS_ADM', null, null,
          to_timestamp('06-DEC-18 16.08.27.911332000', 'DD-MON-RR HH24.MI.SSXFF'), 'PPHILLIPS_ADM', 'OUMPERSO',
          'pphillips', '10.102.2.4', 'MGMRW0100', null);
Insert into internet_addresses (INTERNET_ADDRESS_ID, OWNER_CLASS, OWNER_ID, OWNER_SEQ, OWNER_CODE,
                                INTERNET_ADDRESS_CLASS, INTERNET_ADDRESS, CREATE_DATETIME, CREATE_USER_ID,
                                MODIFY_DATETIME, MODIFY_USER_ID, AUDIT_TIMESTAMP, AUDIT_USER_ID, AUDIT_MODULE_NAME,
                                AUDIT_CLIENT_USER_ID, AUDIT_CLIENT_IP_ADDRESS, AUDIT_CLIENT_WORKSTATION_NAME,
                                AUDIT_ADDITIONAL_INFO)
  values (138251, 'STF', 1, null, null, 'EMAIL', 'phillips@fredjustice.gov.uk',
          to_timestamp('06-DEC-18 16.08.43.742506000', 'DD-MON-RR HH24.MI.SSXFF'), 'PPHILLIPS_ADM', null, null,
          to_timestamp('06-DEC-18 16.08.43.742717000', 'DD-MON-RR HH24.MI.SSXFF'), 'PPHILLIPS_ADM', 'OUMPERSO',
          'pphillips', '10.102.2.4', 'MGMRW0100', null);






